model,accuracy,precision,recall,f1_score,roc_auc
XGBoost,0.9698914116485686,0.9313725490196079,0.8769230769230769,0.9033280507131537,0.9928621173065618
Random Forest,0.9580454096742349,0.8636363636363636,0.8769230769230769,0.8702290076335878,0.9881951793062904
Logistic Regression,0.8770977295162883,0.5818965517241379,0.8307692307692308,0.6844106463878327,0.9431972143083254
Decision Tree,0.9313919052319842,0.7583333333333333,0.84,0.7970802919708029,0.9135865780310224
